{"accuracy": 0.7333333333333333, "f1": 0.6190476190476191, "precision": 0.6842105263157895, "recall": 0.5652173913043478}