{"accuracy": 0.7833333333333333, "f1": 0.7346938775510203, "precision": 0.8181818181818182, "recall": 0.6666666666666666}